{
  "version": 1,
  "root": 
  {
    "type": "Layer",
    "name": "",
    "alpha": 1.000000,
    "visible": true,
    "blendMode": "SrcOver",
    "matrix": [1.000000, 0.000000, 0.000000, 0.000000, 1.000000, 0.000000],
    "matrix3D": [[1.000000, 0.000000, 0.000000, 0.000000], [0.000000, 1.000000, 0.000000, 0.000000], [0.000000, 0.000000, 1.000000, 0.000000], [0.000000, 0.000000, 0.000000, 1.000000]],
    "position": {"x": 0.000000, "y": 0.000000},
    "preserve3D": false,
    "allowsEdgeAntialiasing": true,
    "allowsGroupOpacity": true,
    "passThroughBackground": true,
    "scrollRect": {"left": 0.000000, "top": 0.000000, "right": 0.000000, "bottom": 0.000000},
    "maskType": "Alpha",
    "hasMask": false,
    "filters": [],
    "layerStyles": [],
    "bounds": {"left": 71.428574, "top": 137.040176, "right": 559.523804, "bottom": 414.957214},
    "childrenCount": 1,
    "children": [
      {
        "type": "Vector",
        "name": "Document",
        "alpha": 1.000000,
        "visible": true,
        "blendMode": "SrcOver",
        "matrix": [1.000000, 0.000000, 0.000000, 0.000000, 1.000000, 0.000000],
        "matrix3D": [[1.000000, 0.000000, 0.000000, 0.000000], [0.000000, 1.000000, 0.000000, 0.000000], [0.000000, 0.000000, 1.000000, 0.000000], [0.000000, 0.000000, 0.000000, 1.000000]],
        "position": {"x": 0.000000, "y": 0.000000},
        "preserve3D": false,
        "allowsEdgeAntialiasing": true,
        "allowsGroupOpacity": true,
        "passThroughBackground": true,
        "scrollRect": {"left": 0.000000, "top": 0.000000, "right": 0.000000, "bottom": 0.000000},
        "maskType": "Alpha",
        "hasMask": false,
        "filters": [],
        "layerStyles": [],
        "contents": [
        ],
        "bounds": {"left": 71.428574, "top": 137.040176, "right": 559.523804, "bottom": 414.957214},
        "childrenCount": 1,
        "children": [
          {
            "type": "Vector",
            "name": "Page 1",
            "alpha": 1.000000,
            "visible": true,
            "blendMode": "SrcOver",
            "matrix": [1.000000, 0.000000, 0.000000, 0.000000, 1.000000, 0.000000],
            "matrix3D": [[1.000000, 0.000000, 0.000000, 0.000000], [0.000000, 1.000000, 0.000000, 0.000000], [0.000000, 0.000000, 1.000000, 0.000000], [0.000000, 0.000000, 0.000000, 1.000000]],
            "position": {"x": 0.000000, "y": 0.000000},
            "preserve3D": false,
            "allowsEdgeAntialiasing": true,
            "allowsGroupOpacity": true,
            "passThroughBackground": true,
            "scrollRect": {"left": 0.000000, "top": 0.000000, "right": 0.000000, "bottom": 0.000000},
            "maskType": "Alpha",
            "hasMask": false,
            "filters": [],
            "layerStyles": [],
            "contents": [
            ],
            "bounds": {"left": 71.428574, "top": 137.040176, "right": 559.523804, "bottom": 414.957214},
            "childrenCount": 1,
            "children": [
              {
                "type": "Vector",
                "name": "Frame 1",
                "alpha": 1.000000,
                "visible": true,
                "blendMode": "SrcOver",
                "matrix": [1.000000, 0.000000, 0.000000, 0.000000, 1.000000, 0.000000],
                "matrix3D": [[1.000000, -0.250000, -0.433013, 137.500000], [0.000000, 0.616025, -0.933013, 157.596191], [0.000000, 0.500000, 0.866025, -75.000000], [0.000000, -0.001000, -0.001732, 1.150000]],
                "position": {"x": 119.565216, "y": 137.040176},
                "preserve3D": true,
                "allowsEdgeAntialiasing": true,
                "allowsGroupOpacity": true,
                "passThroughBackground": true,
                "scrollRect": {"left": 0.000000, "top": 0.000000, "right": 0.000000, "bottom": 0.000000},
                "maskType": "Alpha",
                "hasMask": false,
                "filters": [],
                "layerStyles": [
                  {
                    "blendMode": "SrcOver",
                    "excludeChildEffects": true,
                    "styleType": "DropShadow",
                    "offsetX": 10.000000,
                    "offsetY": 10.000000,
                    "blurrinessX": 0.000000,
                    "blurrinessY": 0.000000,
                    "color": {"red": 1.000000, "green": 0.000000, "blue": 0.000000, "alpha": 1.000000},
                    "showBehindLayer": false
                  }
                ],
                "contents": [
                  {
                    "enabled": true,
                    "elementType": "Rectangle",
                    "position": {"x": 150.000000, "y": 150.000000},
                    "size": {"width": 300.000000, "height": 300.000000},
                    "roundness": 0.000000,
                    "reversed": false
                  },
                  {
                    "enabled": true,
                    "elementType": "FillStyle",
                    "alpha": 1.000000,
                    "blendMode": "SrcOver",
                    "fillRule": "Winding",
                    "placement": "Background",
                    "colorSource": {
                      "colorSourceType": "SolidColor",
                      "color": {"red": 0.196078, "green": 0.035294, "blue": 0.035294, "alpha": 1.000000}
                    }
                  }
                ],
                "bounds": {"left": 0.000000, "top": 0.000000, "right": 410.000000, "bottom": 310.000000},
                "childrenCount": 2,
                "children": [
                  {
                    "type": "Vector",
                    "name": "",
                    "alpha": 1.000000,
                    "visible": false,
                    "blendMode": "SrcOver",
                    "matrix": [1.000000, 0.000000, 0.000000, 0.000000, 1.000000, 0.000000],
                    "matrix3D": [[1.000000, 0.000000, 0.000000, 0.000000], [0.000000, 1.000000, 0.000000, 0.000000], [0.000000, 0.000000, 1.000000, 0.000000], [0.000000, 0.000000, 0.000000, 1.000000]],
                    "position": {"x": 0.000000, "y": 0.000000},
                    "preserve3D": false,
                    "allowsEdgeAntialiasing": true,
                    "allowsGroupOpacity": true,
                    "passThroughBackground": true,
                    "scrollRect": {"left": 0.000000, "top": 0.000000, "right": 0.000000, "bottom": 0.000000},
                    "maskType": "Alpha",
                    "hasMask": false,
                    "filters": [],
                    "layerStyles": [],
                    "contents": [
                      {
                        "enabled": true,
                        "elementType": "ShapePath",
                        "path": "M0 0L300 0L300 300L0 300L0 0Z",
                        "reversed": false
                      },
                      {
                        "enabled": true,
                        "elementType": "FillStyle",
                        "alpha": 1.000000,
                        "blendMode": "SrcOver",
                        "fillRule": "Winding",
                        "placement": "Background",
                        "colorSource": {
                          "colorSourceType": "SolidColor",
                          "color": {"red": 0.000000, "green": 0.000000, "blue": 0.000000, "alpha": 1.000000}
                        }
                      }
                    ],
                    "bounds": {"left": 0.000000, "top": 0.000000, "right": 300.000000, "bottom": 300.000000},
                    "childrenCount": 0,
                    "children": [
                    ]
                  },
                  {
                    "type": "Layer",
                    "name": "",
                    "alpha": 1.000000,
                    "visible": true,
                    "blendMode": "SrcOver",
                    "matrix": [1.000000, 0.000000, 0.000000, 0.000000, 1.000000, 0.000000],